{"cameraMode":{"drawMode":0,"name":"Shaded","section":"Shading Mode"},"sceneLighting":true,"audioPlay":false,"sceneViewState":{"m_AlwaysRefresh":false,"showFog":true,"showSkybox":true,"showFlares":true,"showImageEffects":true,"showParticleSystems":true,"showVisualEffectGraphs":true,"m_FxEnabled":true},"in2DMode":false,"pivot":{"x":-0.5381621718406677,"y":-2.024627685546875,"z":6.659624099731445},"rotation":{"x":-0.22904378175735475,"y":0.041450902819633487,"z":-0.009762921370565892,"w":-0.9724851846694946},"size":9.12024974822998,"orthographic":false}